username,email,full_name,password_hash,created_at
testuser,test@example.com,Test User,ef92b778bafe771e89245b89ecbc08a44a4e166c06659911881f383d4473e94f,2026-03-28T15:32:25.038224
testusertest2,test2@example.com,Test 2,d4d160e15d26424dd421eab782bcdb716659c8aa089955bf925b3fbaba24414e,2026-03-28T15:34:18.772666
testuserfinaltest,final@example.com,Final Test,d4d160e15d26424dd421eab782bcdb716659c8aa089955bf925b3fbaba24414e,2026-03-28T15:35:09.487685
ironman,ironman@gmail.com,ironman,8622f0f69c91819119a8acf60a248d7b36fdb7ccf857ba8f85cf7f2767ff8265,2026-03-28T15:40:11.379722
agent47,agent47@gmail.com,agent47,1d4affa50487cc83b4d79e504360fb599e5afcc4878fde30098f418c0aace2ee,2026-03-28T15:41:23.910466
admin,admin@gmail.com,admin,8c6976e5b5410415bde908bd4dee15dfb167a9c873fc4bb8a81f6f2ab448a918,2026-03-29T20:59:11.985207
agent47testuser,test@example.com,Test User,16cb143ce3f7f149435b5eb986a9b803e84d32a4c33c9938cd51bbaa51fb30df,2026-03-29T22:46:29.522149
testuser_123,testuser123@example.com,Test User 123,a109e36947ad56de1dca1cc49f0ef8ac9ad9a7b1aa0df41fb3c4cb73c1ff01ea,2026-03-29T22:52:59.566384
test1,test1@test.com,test1,1b4f0e9851971998e732078544c96b36c3d01cedf7caa332359d6f1d83567014,2026-03-29T22:55:38.987297
agent47test1,test1@example.com,Test User,d9a76aba49998a61e7b5e684fef025d19f844bd006ff925fdb7264602f7aeed8,2026-03-29T23:07:46.693236
jetski_test_123agent47testuser,test@example.com,Test User,16cb143ce3f7f149435b5eb986a9b803e84d32a4c33c9938cd51bbaa51fb30df,2026-03-29T23:15:33.361176
